"","ticker","year","GHG","n","X","Company_Year","Reduction_Sentences"
"1","AAL",2011,NA,NA,1,"Copy of AAL_11_processed.csv",2
"2","AAL",2011,NA,NA,27,"Copy of Copy of AAL_11_processed.csv",2
"3","AAL",2012,NA,NA,2,"Copy of AAL_12_processed.csv",0
"4","AAL",2012,NA,NA,28,"Copy of Copy of AAL_12_processed.csv",0
"5","AAL",2013,NA,NA,3,"Copy of AAL_13_processed.csv",0
"6","AAL",2013,NA,NA,29,"Copy of Copy of AAL_13_processed.csv",0
"7","AAL",2020,NA,NA,4,"Copy of AAL_20_processed.csv",2
"8","AAL",2020,NA,NA,30,"Copy of Copy of AAL_20_processed.csv",2
"9","ABBV",2014,NA,NA,5,"Copy of ABBV_14_processed.csv",0
"10","ABBV",2014,NA,NA,31,"Copy of Copy of ABBV_14_processed.csv",0
"11","ABBV",2015,NA,NA,6,"Copy of ABBV_15_processed.csv",0
"12","ABBV",2015,NA,NA,32,"Copy of Copy of ABBV_15_processed.csv",0
"13","ABBV",2016,NA,NA,7,"Copy of ABBV_16_processed.csv",0
"14","ABBV",2016,NA,NA,33,"Copy of Copy of ABBV_16_processed.csv",0
"15","ABT",2010,271109,13,8,"Copy of ABT_10_processed.csv",0
"16","ABT",2010,271109,13,34,"Copy of Copy of ABT_10_processed.csv",0
"17","ABT",2011,241152,13,35,"Copy of Copy of ABT_11_processed.csv",0
"18","ABT",2011,241152,13,9,"Copy of ABT_11_processed.csv",0
"19","ABT",2012,211857,13,36,"Copy of Copy of ABT_12_processed.csv",0
"20","ABT",2012,211857,13,10,"Copy of ABT_12_processed.csv",0
"21","ABT",2013,145452,13,37,"Copy of Copy of ABT_13_processed.csv",0
"22","ABT",2013,145452,13,11,"Copy of ABT_13_processed.csv",0
"23","ABT",2014,147317,13,38,"Copy of Copy of ABT_14_processed.csv",1
"24","ABT",2014,147317,13,12,"Copy of ABT_14_processed.csv",1
"25","ABT",2015,137004,13,39,"Copy of Copy of ABT_15_processed.csv",0
"26","ABT",2015,137004,13,13,"Copy of ABT_15_processed.csv",0
"27","ABT",2016,138160,13,14,"Copy of ABT_16_processed.csv",0
"28","ABT",2016,138160,13,40,"Copy of Copy of ABT_16_processed.csv",0
"29","ABT",2017,117778,13,41,"Copy of Copy of ABT_17_processed.csv",0
"30","ABT",2017,117778,13,15,"Copy of ABT_17_processed.csv",0
"31","ABT",2018,114188,13,NA,NA,NA
"32","ABT",2019,113543,13,NA,NA,NA
"33","ABT",2020,111891,13,NA,NA,NA
"34","ABT",2021,135898,13,NA,NA,NA
"35","ABT",2022,138440,13,NA,NA,NA
"36","ACA",2021,NA,NA,16,"Copy of ACA_21_processed.csv",0
"37","ACA",2021,NA,NA,42,"Copy of Copy of ACA_21_processed.csv",0
"38","ACA",2022,NA,NA,17,"Copy of ACA_22_processed.csv",0
"39","ACA",2022,NA,NA,43,"Copy of Copy of ACA_22_processed.csv",0
"40","ACA",2023,NA,NA,18,"Copy of ACA_23_processed.csv",0
"41","ACA",2023,NA,NA,44,"Copy of Copy of ACA_23_processed.csv",0
"42","ADI",2010,NA,NA,19,"Copy of ADI_10_processed.csv",3
"43","ADI",2010,NA,NA,45,"Copy of Copy of ADI_10_processed.csv",3
"44","ADI",2011,NA,NA,20,"Copy of ADI_11_processed.csv",2
"45","ADI",2011,NA,NA,46,"Copy of Copy of ADI_11_processed.csv",2
"46","ADI",2012,NA,NA,21,"Copy of ADI_12_processed.csv",2
"47","ADI",2012,NA,NA,47,"Copy of Copy of ADI_12_processed.csv",2
"48","ADI",2013,NA,NA,48,"Copy of Copy of ADI_13_processed.csv",1
"49","ADI",2013,NA,NA,22,"Copy of ADI_13_processed.csv",1
"50","ADM",2010,4762080,13,23,"Copy of ADM_10_processed.csv",1
"51","ADM",2010,4762080,13,49,"Copy of Copy of ADM_10_processed.csv",1
"52","ADM",2011,10641461,13,24,"Copy of ADM_11_processed.csv",0
"53","ADM",2011,10641461,13,50,"Copy of Copy of ADM_11_processed.csv",0
"54","ADM",2012,10755004,13,25,"Copy of ADM_12_processed.csv",0
"55","ADM",2012,10755004,13,51,"Copy of Copy of ADM_12_processed.csv",0
"56","ADM",2013,10306133,13,52,"Copy of Copy of ADM_13_processed.csv",1
"57","ADM",2013,10306133,13,26,"Copy of ADM_13_processed.csv",1
"58","ADM",2014,10545211,13,53,"Copy of Copy of ADM_14_processed.csv",0
"59","ADM",2015,12573189,13,54,"Copy of Copy of ADM_15_processed.csv",0
"60","ADM",2016,12150317,13,55,"Copy of Copy of ADM_16_processed.csv",0
"61","ADM",2017,12381362,13,56,"Copy of Copy of ADM_17_processed.csv",0
"62","ADM",2018,12341044,13,NA,NA,NA
"63","ADM",2019,12388843,13,NA,NA,NA
"64","ADM",2020,11271636,13,NA,NA,NA
"65","ADM",2021,11235812,13,NA,NA,NA
"66","ADM",2022,11371897,13,NA,NA,NA
"67","AEE",2010,58893386,13,57,"Copy of Copy of AEE_10_processed.csv",29
"68","AEE",2011,59901832,13,NA,NA,NA
"69","AEE",2012,48393426,13,NA,NA,NA
"70","AEE",2013,30394280,13,58,"Copy of Copy of AEE_13_processed.csv",5
"71","AEE",2014,30577916,13,59,"Copy of Copy of AEE_14_processed.csv",4
"72","AEE",2015,28453791,13,60,"Copy of Copy of AEE_15_processed.csv",25
"73","AEE",2016,26712470,13,61,"Copy of Copy of AEE_16_processed.csv",16
"74","AEE",2017,30114578,13,62,"Copy of Copy of AEE_17_processed.csv",27
"75","AEE",2018,29503097,13,NA,NA,NA
"76","AEE",2019,24314882,13,NA,NA,NA
"77","AEE",2020,25861847,13,NA,NA,NA
"78","AEE",2021,28088793,13,NA,NA,NA
"79","AEE",2022,24863598,13,NA,NA,NA
"80","AEP",2010,2271736.128,13,NA,NA,NA
"81","AEP",2011,130953378.28738,13,NA,NA,NA
"82","AEP",2012,117231316.22775,13,NA,NA,NA
"83","AEP",2013,110654692.5318,13,NA,NA,NA
"84","AEP",2014,120764768.27537,13,NA,NA,NA
"85","AEP",2015,99819972.0469,13,NA,NA,NA
"86","AEP",2016,91666059.38786,13,NA,NA,NA
"87","AEP",2017,69663175.54479,13,NA,NA,NA
"88","AEP",2018,68398478.00717,13,63,"Copy of Copy of AEP_18_processed.csv",5
"89","AEP",2019,70021201.59257,13,64,"Copy of Copy of AEP_19_processed.csv",3
"90","AEP",2020,54382474.17485,13,65,"Copy of Copy of AEP_20_processed.csv",10
"91","AEP",2021,62963172.8792,13,66,"Copy of Copy of AEP_21_processed.csv",8
"92","AEP",2022,58677513.2008,13,67,"Copy of Copy of AEP_22_processed.csv",11
"93","AEP",2023,NA,NA,68,"Copy of Copy of AEP_23_processed.csv",13
"94","AEP",2024,NA,NA,69,"Copy of Copy of AEP_24_processed.csv",16
"95","AES",2010,14710573,13,70,"Copy of Copy of AES_10_processed.csv",19
"96","AES",2011,8801322,13,NA,NA,NA
"97","AES",2012,6920215,13,71,"Copy of Copy of AES_12_processed.csv",15
"98","AES",2013,6791516,13,72,"Copy of Copy of AES_13_processed.csv",13
"99","AES",2014,12898650.82,13,NA,NA,NA
"100","AES",2015,28744261.91,13,NA,NA,NA
"101","AES",2016,27788460.11,13,NA,NA,NA
"102","AES",2017,24767688.15,13,NA,NA,NA
"103","AES",2018,21093084.06,13,NA,NA,NA
"104","AES",2019,19586034.5,13,NA,NA,NA
"105","AES",2020,16746029,13,73,"Copy of Copy of AES_20_processed.csv",18
"106","AES",2021,19500128,13,NA,NA,NA
"107","AES",2022,19517551,13,NA,NA,NA
"108","AGL",2022,NA,NA,74,"Copy of Copy of AGL_22_processed.csv",2
"109","AGL",2023,NA,NA,75,"Copy of Copy of AGL_23_processed.csv",0
"110","AGL",2024,NA,NA,76,"Copy of Copy of AGL_24_processed.csv",1
"111","AGR",2020,NA,NA,77,"Copy of Copy of AGR_20_processed.csv",2
"112","AGR",2021,NA,NA,78,"Copy of Copy of AGR_21_processed.csv",0
"113","AGR",2022,NA,NA,79,"Copy of Copy of AGR_22_processed.csv",1
"114","AGR",2023,NA,NA,80,"Copy of Copy of AGR_23_processed.csv",4
"115","ALB",2010,272861,13,NA,NA,NA
"116","ALB",2011,325136,13,NA,NA,NA
"117","ALB",2012,311311,13,NA,NA,NA
"118","ALB",2013,298212,13,NA,NA,NA
"119","ALB",2014,277006,13,NA,NA,NA
"120","ALB",2015,261045,13,NA,NA,NA
"121","ALB",2016,232909,13,NA,NA,NA
"122","ALB",2017,237791,13,NA,NA,NA
"123","ALB",2018,239551,13,NA,NA,NA
"124","ALB",2019,242638,13,NA,NA,NA
"125","ALB",2020,238652,13,81,"Copy of Copy of ALB_20_processed.csv",3
"126","ALB",2021,230764,13,82,"Copy of Copy of ALB_21_processed.csv",1
"127","ALB",2022,236979,13,83,"Copy of Copy of ALB_22_processed.csv",2
"128","ALB",2023,NA,NA,84,"Copy of Copy of ALB_23_processed.csv",0
"129","ALE",2014,NA,NA,85,"Copy of Copy of ALE_14_processed.csv",9
"130","ALE",2015,NA,NA,86,"Copy of Copy of ALE_15_processed.csv",16
"131","ALE",2016,NA,NA,87,"Copy of Copy of ALE_16_processed.csv",12
"132","ALE",2017,NA,NA,88,"Copy of Copy of ALE_17_processed.csv",8
"133","ALEX",2010,144968,13,NA,NA,NA
"134","ALEX",2011,179152,13,NA,NA,NA
"135","ALEX",2012,169181,13,NA,NA,NA
"136","ALEX",2013,192695,13,89,"Copy of Copy of ALEX_13_processed.csv",3
"137","ALEX",2014,188545,13,90,"Copy of Copy of ALEX_14_processed.csv",2
"138","ALEX",2015,168178,13,91,"Copy of Copy of ALEX_15_processed.csv",1
"139","ALEX",2016,87643,13,92,"Copy of Copy of ALEX_16_processed.csv",0
"140","ALEX",2017,47931,13,93,"Copy of Copy of ALEX_17_processed.csv",0
"141","ALEX",2018,46984,13,NA,NA,NA
"142","ALEX",2019,79260.2,13,NA,NA,NA
"143","ALEX",2020,76420.1,13,NA,NA,NA
"144","ALEX",2021,74248.6,13,NA,NA,NA
"145","ALEX",2022,67331.4,13,NA,NA,NA
"146","ALSN",2014,NA,NA,94,"Copy of Copy of ALSN_14_processed.csv",0
"147","ALSN",2015,NA,NA,95,"Copy of Copy of ALSN_15_processed.csv",0
"148","ALSN",2016,NA,NA,96,"Copy of Copy of ALSN_16_processed.csv",0
"149","ALSN",2017,NA,NA,97,"Copy of Copy of ALSN_17_processed.csv",0
"150","ALTO",2014,NA,NA,98,"Copy of Copy of ALTO_14_processed.csv",1
"151","ALTO",2015,NA,NA,99,"Copy of Copy of ALTO_15_processed.csv",4
"152","ALTO",2016,NA,NA,100,"Copy of Copy of ALTO_16_processed.csv",0
"153","AM",2020,NA,NA,101,"Copy of Copy of AM_20_processed.csv",3
"154","AM",2021,NA,NA,102,"Copy of Copy of AM_21_processed.csv",0
"155","AMGN",2010,26422,13,103,"Copy of Copy of AMGN_10_processed.csv",0
"156","AMGN",2011,55163,13,104,"Copy of Copy of AMGN_11_processed.csv",0
"157","AMGN",2012,50560,13,NA,NA,NA
"158","AMGN",2013,50646,13,105,"Copy of Copy of AMGN_13_processed.csv",0
"159","AMGN",2014,49618,13,NA,NA,NA
"160","AMGN",2015,51503,13,NA,NA,NA
"161","AMGN",2016,49630,13,NA,NA,NA
"162","AMGN",2017,28149,13,NA,NA,NA
"163","AMGN",2018,25065,13,NA,NA,NA
"164","AMGN",2019,35994,13,NA,NA,NA
"165","AMGN",2020,49617,13,NA,NA,NA
"166","AMGN",2021,41580,13,NA,NA,NA
"167","AMGN",2022,36979,13,NA,NA,NA
"168","AMPY",2018,NA,NA,106,"Copy of Copy of AMPY_18_processed.csv",2
"169","AMPY",2019,NA,NA,107,"Copy of Copy of AMPY_19_processed.csv",4
"170","AMPY",2022,NA,NA,108,"Copy of Copy of AMPY_22_processed.csv",10
"171","AMPY",2023,NA,NA,109,"Copy of Copy of AMPY_23_processed.csv",24
"172","AMPY",2024,NA,NA,110,"Copy of Copy of AMPY_24_processed.csv",33
"173","AMR",2019,NA,NA,111,"Copy of Copy of AMR_19_processed.csv",0
"174","AMR",2020,NA,NA,112,"Copy of Copy of AMR_20_processed.csv",2
"175","AMR",2021,NA,NA,113,"Copy of Copy of AMR_21_processed.csv",0
"176","AMR",2022,NA,NA,114,"Copy of Copy of AMR_22_processed.csv",0
"177","AMR",2023,NA,NA,115,"Copy of Copy of AMR_23_processed.csv",2
"178","AMR",2024,NA,NA,116,"Copy of Copy of AMR_24_processed.csv",4
"179","AMTX",2018,NA,NA,117,"Copy of Copy of AMTX_18_processed.csv",1
"180","AMTX",2019,NA,NA,118,"Copy of Copy of AMTX_19_processed.csv",2
"181","AMTX",2020,NA,NA,119,"Copy of Copy of AMTX_20_processed.csv",2
"182","AMTX",2021,NA,NA,120,"Copy of Copy of AMTX_21_processed.csv",2
"183","AMTX",2022,NA,NA,121,"Copy of Copy of AMTX_22_processed.csv",0
"184","AMTX",2023,NA,NA,122,"Copy of Copy of AMTX_23_processed.csv",0
"185","AMTX",2024,NA,NA,123,"Copy of Copy of AMTX_24_processed.csv",2
"186","APD",2010,859226,13,NA,NA,NA
"187","APD",2011,7932934,13,NA,NA,NA
"188","APD",2012,7845432,13,NA,NA,NA
"189","APD",2013,8098553,13,NA,NA,NA
"190","APD",2014,8859206,13,NA,NA,NA
"191","APD",2015,12466575,13,NA,NA,NA
"192","APD",2016,12310104,13,NA,NA,NA
"193","APD",2017,12445640,13,NA,NA,NA
"194","APD",2018,12523837,13,NA,NA,NA
"195","APD",2019,12683849,13,NA,NA,NA
"196","APD",2020,11606326,13,NA,NA,NA
"197","APD",2021,12455743,13,NA,NA,NA
"198","APD",2022,13342140,13,NA,NA,NA
"199","ASH",2010,219844,13,NA,NA,NA
"200","ASH",2011,319366,13,NA,NA,NA
"201","ASH",2012,237247,13,NA,NA,NA
"202","ASH",2013,219170,13,NA,NA,NA
"203","ASH",2014,196392,13,NA,NA,NA
"204","ASH",2015,224843,13,NA,NA,NA
"205","ASH",2016,195590,13,NA,NA,NA
"206","ASH",2017,210892,13,NA,NA,NA
"207","ASH",2018,228583,13,NA,NA,NA
"208","ASH",2019,220769,13,NA,NA,NA
"209","ASH",2020,213049,13,NA,NA,NA
"210","ASH",2021,232288,13,NA,NA,NA
"211","ASH",2022,219664,13,NA,NA,NA
"212","ATI",2010,440505,13,NA,NA,NA
"213","ATI",2011,436989,13,NA,NA,NA
"214","ATI",2012,469393,13,NA,NA,NA
"215","ATI",2013,452517,13,NA,NA,NA
"216","ATI",2014,539205,13,NA,NA,NA
"217","ATI",2015,469047,13,NA,NA,NA
"218","ATI",2016,342455,13,NA,NA,NA
"219","ATI",2017,354371,13,NA,NA,NA
"220","ATI",2018,397203,13,NA,NA,NA
"221","ATI",2019,416004,13,NA,NA,NA
"222","ATI",2020,325869,13,NA,NA,NA
"223","ATI",2021,300870,13,NA,NA,NA
"224","ATI",2022,315910,13,NA,NA,NA
"225","ATO",2010,35045,13,NA,NA,NA
"226","ATO",2011,854045,13,NA,NA,NA
"227","ATO",2012,925620,13,NA,NA,NA
"228","ATO",2013,744518,13,NA,NA,NA
"229","ATO",2014,708303,13,NA,NA,NA
"230","ATO",2015,1137465,13,NA,NA,NA
"231","ATO",2016,1209362,13,NA,NA,NA
"232","ATO",2017,934676,13,NA,NA,NA
"233","ATO",2018,948566,13,NA,NA,NA
"234","ATO",2019,936699,13,NA,NA,NA
"235","ATO",2020,879256,13,NA,NA,NA
"236","ATO",2021,754825,13,NA,NA,NA
"237","ATO",2022,753166,13,NA,NA,NA
"238","AVA",2010,6268,13,NA,NA,NA
"239","AVA",2011,308395,13,NA,NA,NA
"240","AVA",2012,481253,13,NA,NA,NA
"241","AVA",2013,537775.5,13,NA,NA,NA
"242","AVA",2014,567996.5,13,NA,NA,NA
"243","AVA",2015,735358,13,NA,NA,NA
"244","AVA",2016,658369.5,13,NA,NA,NA
"245","AVA",2017,606510,13,NA,NA,NA
"246","AVA",2018,683556.5,13,NA,NA,NA
"247","AVA",2019,850478.5,13,NA,NA,NA
"248","AVA",2020,773306.62563,13,NA,NA,NA
"249","AVA",2021,800103.877,13,NA,NA,NA
"250","AVA",2022,796501.6979,13,NA,NA,NA
"251","AWI",2010,127534,13,NA,NA,NA
"252","AWI",2011,234302,13,NA,NA,NA
"253","AWI",2012,220262,13,NA,NA,NA
"254","AWI",2013,209308,13,NA,NA,NA
"255","AWI",2014,204964,13,NA,NA,NA
"256","AWI",2015,197877,13,NA,NA,NA
"257","AWI",2016,188799,13,NA,NA,NA
"258","AWI",2017,184998,13,NA,NA,NA
"259","AWI",2018,206880,13,NA,NA,NA
"260","AWI",2019,192652,13,NA,NA,NA
"261","AWI",2020,180373,13,NA,NA,NA
"262","AWI",2021,184030,13,NA,NA,NA
"263","AWI",2022,183624,13,NA,NA,NA
"264","BAK",2010,59666,13,NA,NA,NA
"265","BAK",2011,50911,13,NA,NA,NA
"266","BAK",2012,44182,13,NA,NA,NA
"267","BAK",2013,48801,13,NA,NA,NA
"268","BAK",2014,44185,13,NA,NA,NA
"269","BAK",2015,45397,13,NA,NA,NA
"270","BAK",2016,44725,13,NA,NA,NA
"271","BAK",2017,52127,13,NA,NA,NA
"272","BAK",2018,50267,13,NA,NA,NA
"273","BAK",2019,50446,13,NA,NA,NA
"274","BAK",2020,54292,13,NA,NA,NA
"275","BAK",2021,70434,13,NA,NA,NA
"276","BAK",2022,65552,13,NA,NA,NA
"277","BF.B",2010,46217,13,NA,NA,NA
"278","BF.B",2011,47727,13,NA,NA,NA
"279","BF.B",2012,43578,13,NA,NA,NA
"280","BF.B",2013,47951,13,NA,NA,NA
"281","BF.B",2014,42791,13,NA,NA,NA
"282","BF.B",2015,45737,13,NA,NA,NA
"283","BF.B",2016,42269,13,NA,NA,NA
"284","BF.B",2017,32373,13,NA,NA,NA
"285","BF.B",2018,58824,13,NA,NA,NA
"286","BF.B",2019,57438,13,NA,NA,NA
"287","BF.B",2020,56994,13,NA,NA,NA
"288","BF.B",2021,70601,13,NA,NA,NA
"289","BF.B",2022,94437,13,NA,NA,NA
"290","BMY",2010,67160,13,NA,NA,NA
"291","BMY",2011,123522,13,NA,NA,NA
"292","BMY",2012,118048,13,NA,NA,NA
"293","BMY",2013,129360,13,NA,NA,NA
"294","BMY",2014,125673,13,NA,NA,NA
"295","BMY",2015,122001,13,NA,NA,NA
"296","BMY",2016,118298,13,NA,NA,NA
"297","BMY",2017,121417,13,NA,NA,NA
"298","BMY",2018,110217,13,NA,NA,NA
"299","BMY",2019,84260,13,NA,NA,NA
"300","BMY",2020,83475,13,NA,NA,NA
"301","BMY",2021,90193,13,NA,NA,NA
"302","BMY",2022,91669,13,NA,NA,NA
"303","BP",2010,24727581.1512,13,NA,NA,NA
"304","BP",2011,27001313.4012,13,NA,NA,NA
"305","BP",2012,26823603.561,13,NA,NA,NA
"306","BP",2013,15527839.9746,13,NA,NA,NA
"307","BP",2014,14665537.346,13,NA,NA,NA
"308","BP",2015,14957640.1253,13,NA,NA,NA
"309","BP",2016,18065450.4837,13,NA,NA,NA
"310","BP",2017,17364743.3517,13,NA,NA,NA
"311","BP",2018,16856108.4946,13,NA,NA,NA
"312","BP",2019,16904353.0063996,13,NA,NA,NA
"313","BP",2020,16110908.6147,13,NA,NA,NA
"314","BP",2021,14397110.6735,13,NA,NA,NA
"315","BP",2022,16034672.8073,13,NA,NA,NA
"316","CAG",2010,327614,13,NA,NA,NA
"317","CAG",2011,512108,13,NA,NA,NA
"318","CAG",2012,515782,13,NA,NA,NA
"319","CAG",2013,509017,13,NA,NA,NA
"320","CAG",2014,524517,13,NA,NA,NA
"321","CAG",2015,552198,13,NA,NA,NA
"322","CAG",2016,198075,13,NA,NA,NA
"323","CAG",2017,120982,13,NA,NA,NA
"324","CAG",2018,93500,13,NA,NA,NA
"325","CAG",2019,123700,13,NA,NA,NA
"326","CAG",2020,140014,13,NA,NA,NA
"327","CAG",2021,143520,13,NA,NA,NA
"328","CAG",2022,158390,13,NA,NA,NA
"329","CAT",2010,284997,13,NA,NA,NA
"330","CAT",2011,484402,13,NA,NA,NA
"331","CAT",2012,584231,13,NA,NA,NA
"332","CAT",2013,586191,13,NA,NA,NA
"333","CAT",2014,577770,13,NA,NA,NA
"334","CAT",2015,546156,13,NA,NA,NA
"335","CAT",2016,519334,13,NA,NA,NA
"336","CAT",2017,575199,13,NA,NA,NA
"337","CAT",2018,641042,13,NA,NA,NA
"338","CAT",2019,596463,13,NA,NA,NA
"339","CAT",2020,459262,13,NA,NA,NA
"340","CAT",2021,471627,13,NA,NA,NA
"341","CAT",2022,479805,13,NA,NA,NA
"342","CBT",2010,5389,13,NA,NA,NA
"343","CBT",2011,1460463,13,NA,NA,NA
"344","CBT",2012,1782186,13,NA,NA,NA
"345","CBT",2013,1024861,13,NA,NA,NA
"346","CBT",2014,920922,13,NA,NA,NA
"347","CBT",2015,1702934,13,NA,NA,NA
"348","CBT",2016,1611868,13,NA,NA,NA
"349","CBT",2017,1624067,13,NA,NA,NA
"350","CBT",2018,1211672,13,NA,NA,NA
"351","CBT",2019,1151232,13,NA,NA,NA
"352","CBT",2020,876653,13,NA,NA,NA
"353","CBT",2021,864821,13,NA,NA,NA
"354","CBT",2022,827000,13,NA,NA,NA
"355","CE",2010,831421,13,NA,NA,NA
"356","CE",2011,1726313,13,NA,NA,NA
"357","CE",2012,1717020,13,NA,NA,NA
"358","CE",2013,1729730,13,NA,NA,NA
"359","CE",2014,1754834,13,NA,NA,NA
"360","CE",2015,1484523,13,NA,NA,NA
"361","CE",2016,1541784,13,NA,NA,NA
"362","CE",2017,1475927,13,NA,NA,NA
"363","CE",2018,1549686,13,NA,NA,NA
"364","CE",2019,2100703,13,NA,NA,NA
"365","CE",2020,1918463,13,NA,NA,NA
"366","CE",2021,1744939,13,NA,NA,NA
"367","CE",2022,1735294,13,NA,NA,NA
"368","CEIX",2010,180081,13,NA,NA,NA
"369","CEIX",2011,13471331,13,NA,NA,NA
"370","CEIX",2012,12622175,13,NA,NA,NA
"371","CEIX",2013,6337653,13,NA,NA,NA
"372","CEIX",2014,5542686.5,13,NA,NA,NA
"373","CEIX",2015,6960802,13,NA,NA,NA
"374","CEIX",2016,7284839,13,NA,NA,NA
"375","CEIX",2017,8822584,13,NA,NA,NA
"376","CEIX",2018,6949265,13,NA,NA,NA
"377","CEIX",2019,7831448,13,NA,NA,NA
"378","CEIX",2020,6205521,13,NA,NA,NA
"379","CEIX",2021,5962429,13,NA,NA,NA
"380","CEIX",2022,5609156,13,NA,NA,NA
"381","CENX",2010,745253.5207,13,NA,NA,NA
"382","CENX",2011,1737653.8021,13,NA,NA,NA
"383","CENX",2012,1267993.48874,13,NA,NA,NA
"384","CENX",2013,2021667.80446,13,NA,NA,NA
"385","CENX",2014,1978601.95151,13,NA,NA,NA
"386","CENX",2015,1771552,13,NA,NA,NA
"387","CENX",2016,1179724,13,NA,NA,NA
"388","CENX",2017,1043713,13,NA,NA,NA
"389","CENX",2018,1319631,13,NA,NA,NA
"390","CENX",2019,1404418,13,NA,NA,NA
"391","CENX",2020,1796603,13,NA,NA,NA
"392","CENX",2021,1645616,13,NA,NA,NA
"393","CENX",2022,1390627,13,NA,NA,NA
"394","CLF",2010,3186305.07,13,NA,NA,NA
"395","CLF",2011,3729807.15,13,NA,NA,NA
"396","CLF",2012,4593895.43,13,NA,NA,NA
"397","CLF",2013,5000439.87,13,NA,NA,NA
"398","CLF",2014,5249238.09,13,NA,NA,NA
"399","CLF",2015,3490892.08,13,NA,NA,NA
"400","CLF",2016,1934074.94,13,NA,NA,NA
"401","CLF",2017,2449775,13,NA,NA,NA
"402","CLF",2018,2449866,13,NA,NA,NA
"403","CLF",2019,2194702,13,NA,NA,NA
"404","CLF",2020,27234614,13,NA,NA,NA
"405","CLF",2021,28753978.52,13,NA,NA,NA
"406","CLF",2022,24977353.4,13,NA,NA,NA
"407","CLW",2010,431185,13,NA,NA,NA
"408","CLW",2011,527692,13,NA,NA,NA
"409","CLW",2012,520556,13,NA,NA,NA
"410","CLW",2013,550199,13,NA,NA,NA
"411","CLW",2014,560118,13,NA,NA,NA
"412","CLW",2015,625359,13,NA,NA,NA
"413","CLW",2016,680311,13,NA,NA,NA
"414","CLW",2017,661989,13,NA,NA,NA
"415","CLW",2018,591265,13,NA,NA,NA
"416","CLW",2019,680968,13,NA,NA,NA
"417","CLW",2020,722435,13,NA,NA,NA
"418","CLW",2021,651039,13,NA,NA,NA
"419","CLW",2022,633619,13,NA,NA,NA
"420","CMP",2010,51914,13,NA,NA,NA
"421","CMP",2011,54358,13,NA,NA,NA
"422","CMP",2012,74703,13,NA,NA,NA
"423","CMP",2013,145442,13,NA,NA,NA
"424","CMP",2014,160827,13,NA,NA,NA
"425","CMP",2015,145981,13,NA,NA,NA
"426","CMP",2016,139161,13,NA,NA,NA
"427","CMP",2017,140052,13,NA,NA,NA
"428","CMP",2018,144273,13,NA,NA,NA
"429","CMP",2019,150019,13,NA,NA,NA
"430","CMP",2020,156840,13,NA,NA,NA
"431","CMP",2021,145217,13,NA,NA,NA
"432","CMP",2022,146612,13,NA,NA,NA
"433","CMS",2010,21444429.5396,13,NA,NA,NA
"434","CMS",2011,19465334.7827,13,NA,NA,NA
"435","CMS",2012,19196094.1773,13,NA,NA,NA
"436","CMS",2013,20227165.6225,13,NA,NA,NA
"437","CMS",2014,19133701.3059,13,NA,NA,NA
"438","CMS",2015,21969052.2981,13,NA,NA,NA
"439","CMS",2016,17350967.573,13,NA,NA,NA
"440","CMS",2017,16939771.4732,13,NA,NA,NA
"441","CMS",2018,17288138.1188,13,NA,NA,NA
"442","CMS",2019,17647856.2792,13,NA,NA,NA
"443","CMS",2020,15600288.7581,13,NA,NA,NA
"444","CMS",2021,18137320.0604,13,NA,NA,NA
"445","CMS",2022,18282529.7604,13,NA,NA,NA
"446","CNP",2010,507942,13,NA,NA,NA
"447","CNP",2011,2456681,13,NA,NA,NA
"448","CNP",2012,2522153,13,NA,NA,NA
"449","CNP",2013,2292539,13,NA,NA,NA
"450","CNP",2014,463125,13,NA,NA,NA
"451","CNP",2015,464878,13,NA,NA,NA
"452","CNP",2016,461894,13,NA,NA,NA
"453","CNP",2017,430852,13,NA,NA,NA
"454","CNP",2018,414436,13,NA,NA,NA
"455","CNP",2019,396922,13,NA,NA,NA
"456","CNP",2020,4095772,13,NA,NA,NA
"457","CNP",2021,6114180,13,NA,NA,NA
"458","CNP",2022,4800216,13,NA,NA,NA
"459","COP",2010,31071341.793,13,NA,NA,NA
"460","COP",2011,40688838.551525,13,NA,NA,NA
"461","COP",2012,17388987.8273,13,NA,NA,NA
"462","COP",2013,14800946.1072,13,NA,NA,NA
"463","COP",2014,12291565.3085,13,NA,NA,NA
"464","COP",2015,10811746.7638,13,NA,NA,NA
"465","COP",2016,10143259.9995,13,NA,NA,NA
"466","COP",2017,7269207.7722,13,NA,NA,NA
"467","COP",2018,7979803.7414,13,NA,NA,NA
"468","COP",2019,9219346.8342,13,NA,NA,NA
"469","COP",2020,7857005.0786,13,NA,NA,NA
"470","COP",2021,9610750.1884,13,NA,NA,NA
"471","COP",2022,9476815.0118,13,NA,NA,NA
"472","CRS",2010,152937,13,NA,NA,NA
"473","CRS",2011,248699,13,NA,NA,NA
"474","CRS",2012,235152,13,NA,NA,NA
"475","CRS",2013,228442,13,NA,NA,NA
"476","CRS",2014,237420,13,NA,NA,NA
"477","CRS",2015,230621,13,NA,NA,NA
"478","CRS",2016,227267,13,NA,NA,NA
"479","CRS",2017,220771,13,NA,NA,NA
"480","CRS",2018,249235,13,NA,NA,NA
"481","CRS",2019,256816,13,NA,NA,NA
"482","CRS",2020,198344,13,NA,NA,NA
"483","CRS",2021,211129,13,NA,NA,NA
"484","CRS",2022,221376,13,NA,NA,NA
"485","CTB",2010,87045,13,NA,NA,NA
"486","CTB",2011,87885,13,NA,NA,NA
"487","CTB",2012,89558,13,NA,NA,NA
"488","CTB",2013,85287,13,NA,NA,NA
"489","CTB",2014,92001,13,NA,NA,NA
"490","CTB",2015,96026,13,NA,NA,NA
"491","CTB",2016,95075,13,NA,NA,NA
"492","CTB",2017,88875,13,NA,NA,NA
"493","CTB",2018,94541,13,NA,NA,NA
"494","CTB",2019,114066,13,NA,NA,NA
"495","CTB",2020,108092,13,NA,NA,NA
"496","CTB",2021,41975,13,NA,NA,NA
"497","CTB",2022,42171,13,NA,NA,NA
"498","CVI",2010,1234378,13,NA,NA,NA
"499","CVI",2011,1894288,13,NA,NA,NA
"500","CVI",2012,2088892,13,NA,NA,NA
"501","CVI",2013,2607776,13,NA,NA,NA
"502","CVI",2014,2644066,13,NA,NA,NA
"503","CVI",2015,3604339,13,NA,NA,NA
"504","CVI",2016,2150161,13,NA,NA,NA
"505","CVI",2017,4771949,13,NA,NA,NA
"506","CVI",2018,4654556,13,NA,NA,NA
"507","CVI",2019,4699660,13,NA,NA,NA
"508","CVI",2020,4117444,13,NA,NA,NA
"509","CVI",2021,3379226,13,NA,NA,NA
"510","CVI",2022,3072351,13,NA,NA,NA
"511","CWST",2010,641787,13,NA,NA,NA
"512","CWST",2011,563914,13,NA,NA,NA
"513","CWST",2012,490818,13,NA,NA,NA
"514","CWST",2013,342994,13,NA,NA,NA
"515","CWST",2014,364605,13,NA,NA,NA
"516","CWST",2015,391871,13,NA,NA,NA
"517","CWST",2016,395016,13,NA,NA,NA
"518","CWST",2017,400844,13,NA,NA,NA
"519","CWST",2018,424940,13,NA,NA,NA
"520","CWST",2019,465575,13,NA,NA,NA
"521","CWST",2020,450962,13,NA,NA,NA
"522","CWST",2021,423281,13,NA,NA,NA
"523","CWST",2022,457404,13,NA,NA,NA
"524","CX",2010,6697704.36,13,NA,NA,NA
"525","CX",2011,6210220.5,13,NA,NA,NA
"526","CX",2012,6977360,13,NA,NA,NA
"527","CX",2013,7281815,13,NA,NA,NA
"528","CX",2014,7813875.75,13,NA,NA,NA
"529","CX",2015,8656456.75,13,NA,NA,NA
"530","CX",2016,8219362.25,13,NA,NA,NA
"531","CX",2017,8018683.5,13,NA,NA,NA
"532","CX",2018,7742908.25,13,NA,NA,NA
"533","CX",2019,7577133.75,13,NA,NA,NA
"534","CX",2020,6335709,13,NA,NA,NA
"535","CX",2021,5981155,13,NA,NA,NA
"536","CX",2022,5613035,13,NA,NA,NA
"537","DAL",2010,52304,13,NA,NA,NA
"538","DAL",2011,47939,13,NA,NA,NA
"539","DAL",2012,386461,13,NA,NA,NA
"540","DAL",2013,1357111,13,NA,NA,NA
"541","DAL",2014,1403041,13,NA,NA,NA
"542","DAL",2015,1438536,13,NA,NA,NA
"543","DAL",2016,1398973,13,NA,NA,NA
"544","DAL",2017,1355969,13,NA,NA,NA
"545","DAL",2018,1230173,13,NA,NA,NA
"546","DAL",2019,1501650,13,NA,NA,NA
"547","DAL",2020,1179682,13,NA,NA,NA
"548","DAL",2021,1381265,13,NA,NA,NA
"549","DAL",2022,1313654,13,NA,NA,NA
"550","DCP",2010,224880.6,13,NA,NA,NA
"551","DCP",2011,1312267.0872,13,NA,NA,NA
"552","DCP",2012,1592988.0943,13,NA,NA,NA
"553","DCP",2013,1950032.739,13,NA,NA,NA
"554","DCP",2014,2248761.243,13,NA,NA,NA
"555","DCP",2015,2435901.182,13,NA,NA,NA
"556","DCP",2016,2285585.453,13,NA,NA,NA
"557","DCP",2017,9300864.13235,13,NA,NA,NA
"558","DCP",2018,9843437.3615,13,NA,NA,NA
"559","DCP",2019,8620592.4321,13,NA,NA,NA
"560","DCP",2020,8260385.8937476,13,NA,NA,NA
"561","DCP",2021,7689659.8323986,13,NA,NA,NA
"562","DCP",2022,7904389.5341224,13,NA,NA,NA
"563","DD",2010,9466741,13,NA,NA,NA
"564","DD",2011,13540709,13,NA,NA,NA
"565","DD",2012,10813256,13,NA,NA,NA
"566","DD",2013,12043478,13,NA,NA,NA
"567","DD",2014,12883230,13,NA,NA,NA
"568","DD",2015,2554327,13,NA,NA,NA
"569","DD",2016,2787669,13,NA,NA,NA
"570","DD",2017,3595113,13,NA,NA,NA
"571","DD",2018,3401187,13,NA,NA,NA
"572","DD",2019,1116804,13,NA,NA,NA
"573","DD",2020,557988,13,NA,NA,NA
"574","DD",2021,391991,13,NA,NA,NA
"575","DD",2022,192095,13,NA,NA,NA
"576","DE",2010,135294,13,NA,NA,NA
"577","DE",2011,120702,13,NA,NA,NA
"578","DE",2012,118092,13,NA,NA,NA
"579","DE",2013,135398,13,NA,NA,NA
"580","DE",2014,111224,13,NA,NA,NA
"581","DE",2015,89567,13,NA,NA,NA
"582","DE",2016,73244,13,NA,NA,NA
"583","DE",2017,75589,13,NA,NA,NA
"584","DE",2018,64230,13,NA,NA,NA
"585","DE",2019,63353,13,NA,NA,NA
"586","DE",2020,63014,13,NA,NA,NA
"587","DE",2021,44662,13,NA,NA,NA
"588","DE",2022,52119,13,NA,NA,NA
"589","DK",2010,455729,13,NA,NA,NA
"590","DK",2011,849650,13,NA,NA,NA
"591","DK",2012,1079542,13,NA,NA,NA
"592","DK",2013,998695,13,NA,NA,NA
"593","DK",2014,1087987,13,NA,NA,NA
"594","DK",2015,889674,13,NA,NA,NA
"595","DK",2016,970133,13,NA,NA,NA
"596","DK",2017,1080870,13,NA,NA,NA
"597","DK",2018,1169529,13,NA,NA,NA
"598","DK",2019,2459685,13,NA,NA,NA
"599","DK",2020,2190188,13,NA,NA,NA
"600","DK",2021,2338497,13,NA,NA,NA
"601","DK",2022,2651344,13,NA,NA,NA
"602","DOW",2010,126968.5,13,NA,NA,NA
"603","DOW",2011,82203,13,NA,NA,NA
"604","DOW",2012,79203,13,NA,NA,NA
"605","DOW",2013,81091.5,13,NA,NA,NA
"606","DOW",2014,75453,13,NA,NA,NA
"607","DOW",2015,13461914.5,13,NA,NA,NA
"608","DOW",2016,14088332.84,13,NA,NA,NA
"609","DOW",2017,14713419.14,13,NA,NA,NA
"610","DOW",2018,14864563.6225,13,NA,NA,NA
"611","DOW",2019,16409522.405,13,NA,NA,NA
"612","DOW",2020,16840288.31,13,NA,NA,NA
"613","DOW",2021,16819732.15,13,NA,NA,NA
"614","DOW",2022,16326746.98,13,NA,NA,NA
"615","DTE",2010,38752299.929,13,NA,NA,NA
"616","DTE",2011,37985296.05,13,NA,NA,NA
"617","DTE",2012,36348168.966,13,NA,NA,NA
"618","DTE",2013,37851141.572,13,NA,NA,NA
"619","DTE",2014,35586668.238,13,NA,NA,NA
"620","DTE",2015,35303907.6145,13,NA,NA,NA
"621","DTE",2016,31070263.324,13,NA,NA,NA
"622","DTE",2017,31840053.432,13,NA,NA,NA
"623","DTE",2018,34185350.083,13,NA,NA,NA
"624","DTE",2019,30726461.537,13,NA,NA,NA
"625","DTE",2020,24576774.557,13,NA,NA,NA
"626","DTE",2021,30645623.952,13,NA,NA,NA
"627","DTE",2022,28056310.709,13,NA,NA,NA
"628","DUK",2010,81967514.676,13,NA,NA,NA
"629","DUK",2011,78012103.3116,13,NA,NA,NA
"630","DUK",2012,115693205.7284,13,NA,NA,NA
"631","DUK",2013,117070601.5307,13,NA,NA,NA
"632","DUK",2014,117546974.6492,13,NA,NA,NA
"633","DUK",2015,98975049.4058,13,NA,NA,NA
"634","DUK",2016,98735172.8617,13,NA,NA,NA
"635","DUK",2017,96334846.6208,13,NA,NA,NA
"636","DUK",2018,97383344.6263,13,NA,NA,NA
"637","DUK",2019,85957552.4944,13,NA,NA,NA
"638","DUK",2020,75470659.9652,13,NA,NA,NA
"639","DUK",2021,78467996.2367,13,NA,NA,NA
"640","DUK",2022,78319208.0561,13,NA,NA,NA
"641","DVN",2010,920874.7,13,NA,NA,NA
"642","DVN",2011,3885754.635,13,NA,NA,NA
"643","DVN",2012,3792922.06,13,NA,NA,NA
"644","DVN",2013,3484370.67,13,NA,NA,NA
"645","DVN",2014,2912988.3575,13,NA,NA,NA
"646","DVN",2015,4487735.745,13,NA,NA,NA
"647","DVN",2016,2626426.0675,13,NA,NA,NA
"648","DVN",2017,2806531.9425,13,NA,NA,NA
"649","DVN",2018,3158115.3225,13,NA,NA,NA
"650","DVN",2019,3033040.5675,13,NA,NA,NA
"651","DVN",2020,1960899.1825,13,NA,NA,NA
"652","DVN",2021,3980888.065,13,NA,NA,NA
"653","DVN",2022,4615271.845,13,NA,NA,NA
"654","EAF",2010,207302,13,NA,NA,NA
"655","EAF",2011,253776,13,NA,NA,NA
"656","EAF",2012,180507,13,NA,NA,NA
"657","EAF",2013,225090,13,NA,NA,NA
"658","EAF",2014,296210,13,NA,NA,NA
"659","EAF",2015,10888,13,NA,NA,NA
"660","EAF",2016,216862,13,NA,NA,NA
"661","EAF",2017,210599,13,NA,NA,NA
"662","EAF",2018,113550,13,NA,NA,NA
"663","EAF",2019,132388,13,NA,NA,NA
"664","EAF",2020,138028,13,NA,NA,NA
"665","EAF",2021,114122.09,13,NA,NA,NA
"666","EAF",2022,101155,13,NA,NA,NA
"667","ED",2010,3236885,13,NA,NA,NA
"668","ED",2011,3355406,13,NA,NA,NA
"669","ED",2012,3248703,13,NA,NA,NA
"670","ED",2013,3337760,13,NA,NA,NA
"671","ED",2014,3146417,13,NA,NA,NA
"672","ED",2015,3117192,13,NA,NA,NA
"673","ED",2016,2984902,13,NA,NA,NA
"674","ED",2017,2904182,13,NA,NA,NA
"675","ED",2018,2963666,13,NA,NA,NA
"676","ED",2019,2815753,13,NA,NA,NA
"677","ED",2020,2659412,13,NA,NA,NA
"678","ED",2021,2741623,13,NA,NA,NA
"679","ED",2022,2767956,13,NA,NA,NA
"680","EE",2010,1711544,13,NA,NA,NA
"681","EE",2011,2652733.8818,13,NA,NA,NA
"682","EE",2012,2794449.598,13,NA,NA,NA
"683","EE",2013,2935276.8928,13,NA,NA,NA
"684","EE",2014,2757534.5022,13,NA,NA,NA
"685","EE",2015,2863297.9384,13,NA,NA,NA
"686","EE",2016,2024155.1241,13,NA,NA,NA
"687","EE",2017,2211950.0972,13,NA,NA,NA
"688","EE",2018,2733900.54,13,NA,NA,NA
"689","EE",2019,2798670,13,NA,NA,NA
"690","EE",2020,2642000,13,NA,NA,NA
"691","EE",2021,2592743,13,NA,NA,NA
"692","EE",2022,2532110,13,NA,NA,NA
"693","EIX",2010,44052896,13,NA,NA,NA
"694","EIX",2011,41280351,13,NA,NA,NA
"695","EIX",2012,36882224,13,NA,NA,NA
"696","EIX",2013,27460770,13,NA,NA,NA
"697","EIX",2014,2571236,13,NA,NA,NA
"698","EIX",2015,2366595,13,NA,NA,NA
"699","EIX",2016,2094434,13,NA,NA,NA
"700","EIX",2017,1714024,13,NA,NA,NA
"701","EIX",2018,878974,13,NA,NA,NA
"702","EIX",2019,1313579.7677,13,NA,NA,NA
"703","EIX",2020,1298081.203,13,NA,NA,NA
"704","EIX",2021,915916.3688,13,NA,NA,NA
"705","EIX",2022,1617363.5091,13,NA,NA,NA
"706","EMN",2010,6743175,13,NA,NA,NA
"707","EMN",2011,7142673,13,NA,NA,NA
"708","EMN",2012,7058433,13,NA,NA,NA
"709","EMN",2013,7240750,13,NA,NA,NA
"710","EMN",2014,7162528,13,NA,NA,NA
"711","EMN",2015,7162584,13,NA,NA,NA
"712","EMN",2016,7121104,13,NA,NA,NA
"713","EMN",2017,6438911,13,NA,NA,NA
"714","EMN",2018,6444444,13,NA,NA,NA
"715","EMN",2019,6334830,13,NA,NA,NA
"716","EMN",2020,6195164,13,NA,NA,NA
"717","EMN",2021,6303701,13,NA,NA,NA
"718","EMN",2022,6091692,13,NA,NA,NA
"719","EOG",2010,271,13,NA,NA,NA
"720","EOG",2011,3920341,13,NA,NA,NA
"721","EOG",2012,4477650,13,NA,NA,NA
"722","EOG",2013,5775114,13,NA,NA,NA
"723","EOG",2014,6339999,13,NA,NA,NA
"724","EOG",2015,5115566,13,NA,NA,NA
"725","EOG",2016,3968200,13,NA,NA,NA
"726","EOG",2017,4308041,13,NA,NA,NA
"727","EOG",2018,5253039,13,NA,NA,NA
"728","EOG",2019,5406621,13,NA,NA,NA
"729","EOG",2020,4473308,13,NA,NA,NA
"730","EOG",2021,4994343,13,NA,NA,NA
"731","EOG",2022,5087934,13,NA,NA,NA
"732","ETR",2010,35044746.6998,13,NA,NA,NA
"733","ETR",2011,37716743.4394,13,NA,NA,NA
"734","ETR",2012,36498801.0844,13,NA,NA,NA
"735","ETR",2013,35856813.9686,13,NA,NA,NA
"736","ETR",2014,34918290.744,13,NA,NA,NA
"737","ETR",2015,31951015.3829,13,NA,NA,NA
"738","ETR",2016,36192923.9586,13,NA,NA,NA
"739","ETR",2017,34623140.2838,13,NA,NA,NA
"740","ETR",2018,37726616.9357,13,NA,NA,NA
"741","ETR",2019,36294212.9998,13,NA,NA,NA
"742","ETR",2020,34603246.7233,13,NA,NA,NA
"743","ETR",2021,37166687.6362,13,NA,NA,NA
"744","ETR",2022,40219776.6268,13,NA,NA,NA
"745","EXC",2010,5988321.403,13,NA,NA,NA
"746","EXC",2011,6144942.812,13,NA,NA,NA
"747","EXC",2012,13023725.0438,13,NA,NA,NA
"748","EXC",2013,12094093.6072,13,NA,NA,NA
"749","EXC",2014,8845430.8097,13,NA,NA,NA
"750","EXC",2015,6827384,13,NA,NA,NA
"751","EXC",2016,9045946,13,NA,NA,NA
"752","EXC",2017,9791283,13,NA,NA,NA
"753","EXC",2018,8698310,13,NA,NA,NA
"754","EXC",2019,8591252.8648,13,NA,NA,NA
"755","EXC",2020,7882593.2434,13,NA,NA,NA
"756","EXC",2021,8012961,13,NA,NA,NA
"757","EXC",2022,322678,13,NA,NA,NA
"758","EXP",2010,1628930,13,NA,NA,NA
"759","EXP",2011,1613361,13,NA,NA,NA
"760","EXP",2012,1733661,13,NA,NA,NA
"761","EXP",2013,1731021,13,NA,NA,NA
"762","EXP",2014,1680861,13,NA,NA,NA
"763","EXP",2015,2461054,13,NA,NA,NA
"764","EXP",2016,2502261,13,NA,NA,NA
"765","EXP",2017,3087031,13,NA,NA,NA
"766","EXP",2018,3025449,13,NA,NA,NA
"767","EXP",2019,3460129,13,NA,NA,NA
"768","EXP",2020,4715057,13,NA,NA,NA
"769","EXP",2021,5631022,13,NA,NA,NA
"770","EXP",2022,5547687,13,NA,NA,NA
"771","F",2010,735276,13,NA,NA,NA
"772","F",2011,675740,13,NA,NA,NA
"773","F",2012,628684,13,NA,NA,NA
"774","F",2013,724028,13,NA,NA,NA
"775","F",2014,763256,13,NA,NA,NA
"776","F",2015,687730,13,NA,NA,NA
"777","F",2016,649474,13,NA,NA,NA
"778","F",2017,617190,13,NA,NA,NA
"779","F",2018,662691,13,NA,NA,NA
"780","F",2019,633369,13,NA,NA,NA
"781","F",2020,481112,13,NA,NA,NA
"782","F",2021,499181,13,NA,NA,NA
"783","F",2022,559603,13,NA,NA,NA
"784","FCX",2010,444292.39,13,NA,NA,NA
"785","FCX",2011,685427.831,13,NA,NA,NA
"786","FCX",2012,634439.85,13,NA,NA,NA
"787","FCX",2013,668381.705,13,NA,NA,NA
"788","FCX",2014,1631799.46,13,NA,NA,NA
"789","FCX",2015,1754955.1476,13,NA,NA,NA
"790","FCX",2016,466587.7062,13,NA,NA,NA
"791","FCX",2017,393979.9548,13,NA,NA,NA
"792","FCX",2018,616132.44,13,NA,NA,NA
"793","FCX",2019,449827.68,13,NA,NA,NA
"794","FCX",2020,429067.5,13,NA,NA,NA
"795","FCX",2021,393889,13,NA,NA,NA
"796","FCX",2022,463665,13,NA,NA,NA
"797","FF",2010,149775,13,NA,NA,NA
"798","FF",2011,147648,13,NA,NA,NA
"799","FF",2012,160126,13,NA,NA,NA
"800","FF",2013,171134,13,NA,NA,NA
"801","FF",2014,191184,13,NA,NA,NA
"802","FF",2015,175698,13,NA,NA,NA
"803","FF",2016,164647,13,NA,NA,NA
"804","FF",2017,158048,13,NA,NA,NA
"805","FF",2018,165848,13,NA,NA,NA
"806","FF",2019,167314,13,NA,NA,NA
"807","FF",2020,165972,13,NA,NA,NA
"808","FF",2021,152388,13,NA,NA,NA
"809","FF",2022,154382,13,NA,NA,NA
"810","FMS",2010,48642,13,NA,NA,NA
"811","FMS",2011,53606,13,NA,NA,NA
"812","FMS",2012,54802,13,NA,NA,NA
"813","FMS",2013,58993,13,NA,NA,NA
"814","FMS",2014,60118,13,NA,NA,NA
"815","FMS",2015,59236,13,NA,NA,NA
"816","FMS",2016,64635,13,NA,NA,NA
"817","FMS",2017,65501,13,NA,NA,NA
"818","FMS",2018,68329,13,NA,NA,NA
"819","FMS",2019,70464,13,NA,NA,NA
"820","FMS",2020,73194,13,NA,NA,NA
"821","FMS",2021,69746,13,NA,NA,NA
"822","FMS",2022,67978,13,NA,NA,NA
"823","GE",2010,3397225,13,NA,NA,NA
"824","GE",2011,6278106.61,13,NA,NA,NA
"825","GE",2012,6742880.085,13,NA,NA,NA
"826","GE",2013,4313718.825,13,NA,NA,NA
"827","GE",2014,3413176.915,13,NA,NA,NA
"828","GE",2015,1794373.745,13,NA,NA,NA
"829","GE",2016,1754402.117,13,NA,NA,NA
"830","GE",2017,1187761.726,13,NA,NA,NA
"831","GE",2018,1091006.95,13,NA,NA,NA
"832","GE",2019,789684.12,13,NA,NA,NA
"833","GE",2020,565669.56,13,NA,NA,NA
"834","GE",2021,417639.75,13,NA,NA,NA
"835","GE",2022,736569.25,13,NA,NA,NA
"836","GEF",2010,175203,13,NA,NA,NA
"837","GEF",2011,199511,13,NA,NA,NA
"838","GEF",2012,199365,13,NA,NA,NA
"839","GEF",2013,189593,13,NA,NA,NA
"840","GEF",2014,195605,13,NA,NA,NA
"841","GEF",2015,179403,13,NA,NA,NA
"842","GEF",2016,194861,13,NA,NA,NA
"843","GEF",2017,204928,13,NA,NA,NA
"844","GEF",2018,222493,13,NA,NA,NA
"845","GEF",2019,228323,13,NA,NA,NA
"846","GEF",2020,455335,13,NA,NA,NA
"847","GEF",2021,427500,13,NA,NA,NA
"848","GEF",2022,423796,13,NA,NA,NA
"849","GEVO",2010,39679,13,NA,NA,NA
"850","GEVO",2011,39011,13,NA,NA,NA
"851","GEVO",2012,20053,13,NA,NA,NA
"852","GEVO",2013,8321,13,NA,NA,NA
"853","GEVO",2014,29169,13,NA,NA,NA
"854","GEVO",2015,327,13,NA,NA,NA
"855","GEVO",2016,35119,13,NA,NA,NA
"856","GEVO",2017,39921,13,NA,NA,NA
"857","GEVO",2018,37588,13,NA,NA,NA
"858","GEVO",2019,27128,13,NA,NA,NA
"859","GEVO",2020,5563,13,NA,NA,NA
"860","GEVO",2021,2212,13,NA,NA,NA
"861","GEVO",2022,2275,13,NA,NA,NA
"862","GIS",2010,55625,13,NA,NA,NA
"863","GIS",2011,92565,13,NA,NA,NA
"864","GIS",2012,83843,13,NA,NA,NA
"865","GIS",2013,85265,13,NA,NA,NA
"866","GIS",2014,87229,13,NA,NA,NA
"867","GIS",2015,79302,13,NA,NA,NA
"868","GIS",2016,63196,13,NA,NA,NA
"869","GIS",2017,42748,13,NA,NA,NA
"870","GIS",2018,68813,13,NA,NA,NA
"871","GIS",2019,69236,13,NA,NA,NA
"872","GIS",2020,82545,13,NA,NA,NA
"873","GIS",2021,73949,13,NA,NA,NA
"874","GIS",2022,79095,13,NA,NA,NA
"875","GLW",2010,269124.5,13,NA,NA,NA
"876","GLW",2011,266166.5,13,NA,NA,NA
"877","GLW",2012,166350.5,13,NA,NA,NA
"878","GLW",2013,148496.5,13,NA,NA,NA
"879","GLW",2014,166851,13,NA,NA,NA
"880","GLW",2015,410619.5,13,NA,NA,NA
"881","GLW",2016,215784.8,13,NA,NA,NA
"882","GLW",2017,259206.81,13,NA,NA,NA
"883","GLW",2018,214239.8125,13,NA,NA,NA
"884","GLW",2019,210341.265,13,NA,NA,NA
"885","GLW",2020,238982.465,13,NA,NA,NA
"886","GLW",2021,250202.83,13,NA,NA,NA
"887","GLW",2022,217225.735,13,NA,NA,NA
"888","GM",2010,878524,13,NA,NA,NA
"889","GM",2011,940682,13,NA,NA,NA
"890","GM",2012,915394,13,NA,NA,NA
"891","GM",2013,974583,13,NA,NA,NA
"892","GM",2014,919921,13,NA,NA,NA
"893","GM",2015,804295,13,NA,NA,NA
"894","GM",2016,857986,13,NA,NA,NA
"895","GM",2017,771134,13,NA,NA,NA
"896","GM",2018,696776,13,NA,NA,NA
"897","GM",2019,676788,13,NA,NA,NA
"898","GM",2020,534440,13,NA,NA,NA
"899","GM",2021,544976,13,NA,NA,NA
"900","GM",2022,567993,13,NA,NA,NA
"901","GPRE",2010,977416,13,NA,NA,NA
"902","GPRE",2011,1101430,13,NA,NA,NA
"903","GPRE",2012,1011268,13,NA,NA,NA
"904","GPRE",2013,1213444,13,NA,NA,NA
"905","GPRE",2014,1415175,13,NA,NA,NA
"906","GPRE",2015,1502976,13,NA,NA,NA
"907","GPRE",2016,1932970,13,NA,NA,NA
"908","GPRE",2017,1859071,13,NA,NA,NA
"909","GPRE",2018,1687877,13,NA,NA,NA
"910","GPRE",2019,1316118,13,NA,NA,NA
"911","GPRE",2020,1194855,13,NA,NA,NA
"912","GPRE",2021,1154532,13,NA,NA,NA
"913","GPRE",2022,1371667,13,NA,NA,NA
"914","HAYN",2010,55875,13,NA,NA,NA
"915","HAYN",2011,59547,13,NA,NA,NA
"916","HAYN",2012,60444,13,NA,NA,NA
"917","HAYN",2013,55407,13,NA,NA,NA
"918","HAYN",2014,58923,13,NA,NA,NA
"919","HAYN",2015,59471,13,NA,NA,NA
"920","HAYN",2016,48959,13,NA,NA,NA
"921","HAYN",2017,52958,13,NA,NA,NA
"922","HAYN",2018,56959,13,NA,NA,NA
"923","HAYN",2019,57318,13,NA,NA,NA
"924","HAYN",2020,42165,13,NA,NA,NA
"925","HAYN",2021,49960,13,NA,NA,NA
"926","HAYN",2022,60029,13,NA,NA,NA
"927","HES",2010,265443.56,13,NA,NA,NA
"928","HES",2011,1868621.7429,13,NA,NA,NA
"929","HES",2012,2667965.5673,13,NA,NA,NA
"930","HES",2013,1959737.6781,13,NA,NA,NA
"931","HES",2014,2316623.1967,13,NA,NA,NA
"932","HES",2015,2589774.6933,13,NA,NA,NA
"933","HES",2016,2404856.2835,13,NA,NA,NA
"934","HES",2017,2197549.0173,13,NA,NA,NA
"935","HES",2018,2841642.0871,13,NA,NA,NA
"936","HES",2019,3578172.8577,13,NA,NA,NA
"937","HES",2020,2975324.9668,13,NA,NA,NA
"938","HES",2021,2283105.7421,13,NA,NA,NA
"939","HES",2022,1972722.128,13,NA,NA,NA
"940","HII",2010,78582,13,NA,NA,NA
"941","HII",2011,83110,13,NA,NA,NA
"942","HII",2012,125807,13,NA,NA,NA
"943","HII",2013,96635,13,NA,NA,NA
"944","HII",2014,78425,13,NA,NA,NA
"945","HII",2015,81129,13,NA,NA,NA
"946","HII",2016,94229,13,NA,NA,NA
"947","HII",2017,55417,13,NA,NA,NA
"948","HII",2018,57500,13,NA,NA,NA
"949","HII",2019,55380,13,NA,NA,NA
"950","HII",2020,58398,13,NA,NA,NA
"951","HII",2021,83062,13,NA,NA,NA
"952","HII",2022,71824,13,NA,NA,NA
"953","HON",2010,5231832,13,NA,NA,NA
"954","HON",2011,4991327,13,NA,NA,NA
"955","HON",2012,4494434,13,NA,NA,NA
"956","HON",2013,2321343,13,NA,NA,NA
"957","HON",2014,2169109,13,NA,NA,NA
"958","HON",2015,2168021,13,NA,NA,NA
"959","HON",2016,670275,13,NA,NA,NA
"960","HON",2017,741415,13,NA,NA,NA
"961","HON",2018,867026,13,NA,NA,NA
"962","HON",2019,730011,13,NA,NA,NA
"963","HON",2020,700836,13,NA,NA,NA
"964","HON",2021,690774,13,NA,NA,NA
"965","HON",2022,557945,13,NA,NA,NA
"966","HXL",2010,55876,13,NA,NA,NA
"967","HXL",2011,66908,13,NA,NA,NA
"968","HXL",2012,70490,13,NA,NA,NA
"969","HXL",2013,72531,13,NA,NA,NA
"970","HXL",2014,74291,13,NA,NA,NA
"971","HXL",2015,90651,13,NA,NA,NA
"972","HXL",2016,104502,13,NA,NA,NA
"973","HXL",2017,116331,13,NA,NA,NA
"974","HXL",2018,134101,13,NA,NA,NA
"975","HXL",2019,146968,13,NA,NA,NA
"976","HXL",2020,88456,13,NA,NA,NA
"977","HXL",2021,97017,13,NA,NA,NA
"978","HXL",2022,141179,13,NA,NA,NA
"979","IDA",2010,1475557.5,13,NA,NA,NA
"980","IDA",2011,1009629,13,NA,NA,NA
"981","IDA",2012,1042566,13,NA,NA,NA
"982","IDA",2013,1872501.5,13,NA,NA,NA
"983","IDA",2014,1780638.5,13,NA,NA,NA
"984","IDA",2015,1588516.5,13,NA,NA,NA
"985","IDA",2016,1219560.5,13,NA,NA,NA
"986","IDA",2017,953512,13,NA,NA,NA
"987","IDA",2018,1329035.5,13,NA,NA,NA
"988","IDA",2019,1773960,13,NA,NA,NA
"989","IDA",2020,1583109.4,13,NA,NA,NA
"990","IDA",2021,5613649.97,13,NA,NA,NA
"991","IDA",2022,5509125.3,13,NA,NA,NA
"992","IFF",2010,29612,13,NA,NA,NA
"993","IFF",2011,28802,13,NA,NA,NA
"994","IFF",2012,29123,13,NA,NA,NA
"995","IFF",2013,32072,13,NA,NA,NA
"996","IFF",2014,29881,13,NA,NA,NA
"997","IFF",2015,38581,13,NA,NA,NA
"998","IFF",2016,40356,13,NA,NA,NA
"999","IFF",2017,36739,13,NA,NA,NA
"1000","IFF",2018,38374,13,NA,NA,NA
"1001","IFF",2019,36254,13,NA,NA,NA
"1002","IFF",2020,57249,13,NA,NA,NA
"1003","IFF",2021,247480,13,NA,NA,NA
"1004","IFF",2022,378029,13,NA,NA,NA
"1005","INTC",2010,66500,13,NA,NA,NA
"1006","INTC",2011,838204.44,13,NA,NA,NA
"1007","INTC",2012,794127.39,13,NA,NA,NA
"1008","INTC",2013,678407.21,13,NA,NA,NA
"1009","INTC",2014,1019457.79,13,NA,NA,NA
"1010","INTC",2015,924538.84,13,NA,NA,NA
"1011","INTC",2016,877545.63,13,NA,NA,NA
"1012","INTC",2017,831697.35,13,NA,NA,NA
"1013","INTC",2018,944460.85,13,NA,NA,NA
"1014","INTC",2019,779424,13,NA,NA,NA
"1015","INTC",2020,1025059,13,NA,NA,NA
"1016","INTC",2021,1188171,13,NA,NA,NA
"1017","INTC",2022,937635,13,NA,NA,NA
"1018","IP",2010,6042024,13,NA,NA,NA
"1019","IP",2011,7064182,13,NA,NA,NA
"1020","IP",2012,7360379,13,NA,NA,NA
"1021","IP",2013,6878095,13,NA,NA,NA
"1022","IP",2014,6372027,13,NA,NA,NA
"1023","IP",2015,6473483,13,NA,NA,NA
"1024","IP",2016,6574912,13,NA,NA,NA
"1025","IP",2017,5978236,13,NA,NA,NA
"1026","IP",2018,5821275,13,NA,NA,NA
"1027","IP",2019,5910126,13,NA,NA,NA
"1028","IP",2020,6070993,13,NA,NA,NA
"1029","IP",2021,5738842,13,NA,NA,NA
"1030","IP",2022,5306489,13,NA,NA,NA
"1031","KMI",2010,113180.69,13,NA,NA,NA
"1032","KMI",2011,2053686.34,13,NA,NA,NA
"1033","KMI",2012,1567059.49,13,NA,NA,NA
"1034","KMI",2013,1474624.24,13,NA,NA,NA
"1035","KMI",2014,1339886.13,13,NA,NA,NA
"1036","KMI",2015,8443733.72,13,NA,NA,NA
"1037","KMI",2016,10332707.68,13,NA,NA,NA
"1038","KMI",2017,10334550.43,13,NA,NA,NA
"1039","KMI",2018,10336894.58,13,NA,NA,NA
"1040","KMI",2019,11552543.88,13,NA,NA,NA
"1041","KMI",2020,12079898.43,13,NA,NA,NA
"1042","KMI",2021,11740151.1323,13,NA,NA,NA
"1043","KMI",2022,11405136.6676,13,NA,NA,NA
"1044","KOP",2010,58207,13,NA,NA,NA
"1045","KOP",2011,62663,13,NA,NA,NA
"1046","KOP",2012,55496,13,NA,NA,NA
"1047","KOP",2013,66544,13,NA,NA,NA
"1048","KOP",2014,74482,13,NA,NA,NA
"1049","KOP",2015,77891,13,NA,NA,NA
"1050","KOP",2016,72332,13,NA,NA,NA
"1051","KOP",2017,66652,13,NA,NA,NA
"1052","KOP",2018,74068,13,NA,NA,NA
"1053","KOP",2019,74553,13,NA,NA,NA
"1054","KOP",2020,65317,13,NA,NA,NA
"1055","KOP",2021,53067,13,NA,NA,NA
"1056","KOP",2022,46460,13,NA,NA,NA
"1057","L",2010,1134121,13,NA,NA,NA
"1058","L",2011,2606435,13,NA,NA,NA
"1059","L",2012,2804932,13,NA,NA,NA
"1060","L",2013,2615463,13,NA,NA,NA
"1061","L",2014,2127204,13,NA,NA,NA
"1062","L",2015,2172626,13,NA,NA,NA
"1063","L",2016,2430125,13,NA,NA,NA
"1064","L",2017,2821176,13,NA,NA,NA
"1065","L",2018,3140642,13,NA,NA,NA
"1066","L",2019,3296118,13,NA,NA,NA
"1067","L",2020,2571964,13,NA,NA,NA
"1068","L",2021,2646367,13,NA,NA,NA
"1069","L",2022,2140050,13,NA,NA,NA
"1070","LEG",2010,97181,13,NA,NA,NA
"1071","LEG",2011,95474,13,NA,NA,NA
"1072","LEG",2012,93970,13,NA,NA,NA
"1073","LEG",2013,94169,13,NA,NA,NA
"1074","LEG",2014,90835,13,NA,NA,NA
"1075","LEG",2015,100329,13,NA,NA,NA
"1076","LEG",2016,75175,13,NA,NA,NA
"1077","LEG",2017,85892,13,NA,NA,NA
"1078","LEG",2018,87886,13,NA,NA,NA
"1079","LEG",2019,82485,13,NA,NA,NA
"1080","LEG",2020,82946,13,NA,NA,NA
"1081","LEG",2021,87896,13,NA,NA,NA
"1082","LEG",2022,82950,13,NA,NA,NA
"1083","LMT",2010,76558,13,NA,NA,NA
"1084","LMT",2011,92161,13,NA,NA,NA
"1085","LMT",2012,83186,13,NA,NA,NA
"1086","LMT",2013,83930,13,NA,NA,NA
"1087","LMT",2014,81494,13,NA,NA,NA
"1088","LMT",2015,135388,13,NA,NA,NA
"1089","LMT",2016,118165,13,NA,NA,NA
"1090","LMT",2017,96420,13,NA,NA,NA
"1091","LMT",2018,122635,13,NA,NA,NA
"1092","LMT",2019,114740,13,NA,NA,NA
"1093","LMT",2020,114076,13,NA,NA,NA
"1094","LMT",2021,118085,13,NA,NA,NA
"1095","LMT",2022,102743,13,NA,NA,NA
"1096","LNT",2010,16312573.056,13,NA,NA,NA
"1097","LNT",2011,16637486.828,13,NA,NA,NA
"1098","LNT",2012,15346427.562,13,NA,NA,NA
"1099","LNT",2013,15809906.76,13,NA,NA,NA
"1100","LNT",2014,15053103.158,13,NA,NA,NA
"1101","LNT",2015,15200857.1788,13,NA,NA,NA
"1102","LNT",2016,13167015.7784,13,NA,NA,NA
"1103","LNT",2017,15007979.4696,13,NA,NA,NA
"1104","LNT",2018,15848352.0736,13,NA,NA,NA
"1105","LNT",2019,13316423.2138,13,NA,NA,NA
"1106","LNT",2020,11815472.9964,13,NA,NA,NA
"1107","LNT",2021,14981640.5082,13,NA,NA,NA
"1108","LNT",2022,12789213.1614,13,NA,NA,NA
"1109","LXS",2010,150252,13,NA,NA,NA
"1110","LXS",2011,151126,13,NA,NA,NA
"1111","LXS",2012,168892,13,NA,NA,NA
"1112","LXS",2013,155068,13,NA,NA,NA
"1113","LXS",2014,138581,13,NA,NA,NA
"1114","LXS",2015,142711,13,NA,NA,NA
"1115","LXS",2016,144096,13,NA,NA,NA
"1116","LXS",2017,193991,13,NA,NA,NA
"1117","LXS",2018,266969.5,13,NA,NA,NA
"1118","LXS",2019,337839,13,NA,NA,NA
"1119","LXS",2020,328969,13,NA,NA,NA
"1120","LXS",2021,299986.5,13,NA,NA,NA
"1121","LXS",2022,361947.5,13,NA,NA,NA
"1122","LXU",2010,1209960,13,NA,NA,NA
"1123","LXU",2011,1352970,13,NA,NA,NA
"1124","LXU",2012,1071636,13,NA,NA,NA
"1125","LXU",2013,687668,13,NA,NA,NA
"1126","LXU",2014,1064259,13,NA,NA,NA
"1127","LXU",2015,1390701,13,NA,NA,NA
"1128","LXU",2016,1502524,13,NA,NA,NA
"1129","LXU",2017,1914712,13,NA,NA,NA
"1130","LXU",2018,1967335,13,NA,NA,NA
"1131","LXU",2019,1771814,13,NA,NA,NA
"1132","LXU",2020,2054449,13,NA,NA,NA
"1133","LXU",2021,1858016,13,NA,NA,NA
"1134","LXU",2022,1879792,13,NA,NA,NA
"1135","LYB",2010,6885880.35,13,NA,NA,NA
"1136","LYB",2011,6893204,13,NA,NA,NA
"1137","LYB",2012,7206165,13,NA,NA,NA
"1138","LYB",2013,7407614,13,NA,NA,NA
"1139","LYB",2014,7371575,13,NA,NA,NA
"1140","LYB",2015,8166829.5,13,NA,NA,NA
"1141","LYB",2016,7154687.7,13,NA,NA,NA
"1142","LYB",2017,7601966.95,13,NA,NA,NA
"1143","LYB",2018,7830310.95,13,NA,NA,NA
"1144","LYB",2019,8031834,13,NA,NA,NA
"1145","LYB",2020,7760790,13,NA,NA,NA
"1146","LYB",2021,8339428,13,NA,NA,NA
"1147","LYB",2022,8261408.5,13,NA,NA,NA
"1148","MDU",2010,1781325.096,13,NA,NA,NA
"1149","MDU",2011,2247532.838,13,NA,NA,NA
"1150","MDU",2012,1892734.366,13,NA,NA,NA
"1151","MDU",2013,1816619.716,13,NA,NA,NA
"1152","MDU",2014,1948282.463,13,NA,NA,NA
"1153","MDU",2015,1443841.176,13,NA,NA,NA
"1154","MDU",2016,1604790.883,13,NA,NA,NA
"1155","MDU",2017,1581537.692,13,NA,NA,NA
"1156","MDU",2018,1738867.073,13,NA,NA,NA
"1157","MDU",2019,1757829.125,13,NA,NA,NA
"1158","MDU",2020,2170617.965,13,NA,NA,NA
"1159","MDU",2021,2249978.929,13,NA,NA,NA
"1160","MDU",2022,1546365.707,13,NA,NA,NA
"1161","MGEE",2010,317324.05,13,NA,NA,NA
"1162","MGEE",2011,2104471.9,13,NA,NA,NA
"1163","MGEE",2012,2096398.54,13,NA,NA,NA
"1164","MGEE",2013,2091818.64,13,NA,NA,NA
"1165","MGEE",2014,1776687.18,13,NA,NA,NA
"1166","MGEE",2015,1915948.38,13,NA,NA,NA
"1167","MGEE",2016,2148553.62,13,NA,NA,NA
"1168","MGEE",2017,2343213.98,13,NA,NA,NA
"1169","MGEE",2018,2435302.12,13,NA,NA,NA
"1170","MGEE",2019,2157548.7,13,NA,NA,NA
"1171","MGEE",2020,2086821.8,13,NA,NA,NA
"1172","MGEE",2021,1985195.57,13,NA,NA,NA
"1173","MGEE",2022,1519066.77,13,NA,NA,NA
"1174","MGM",2010,129747,13,NA,NA,NA
"1175","MGM",2011,130888,13,NA,NA,NA
"1176","MGM",2012,127727,13,NA,NA,NA
"1177","MGM",2013,133938,13,NA,NA,NA
"1178","MGM",2014,130349,13,NA,NA,NA
"1179","MGM",2015,132200,13,NA,NA,NA
"1180","MGM",2016,134522,13,NA,NA,NA
"1181","MGM",2017,128443,13,NA,NA,NA
"1182","MGM",2018,130246,13,NA,NA,NA
"1183","MGM",2019,138029,13,NA,NA,NA
"1184","MGM",2020,100926,13,NA,NA,NA
"1185","MGM",2021,112944,13,NA,NA,NA
"1186","MGM",2022,113634,13,NA,NA,NA
"1187","MGPI",2010,71421.5,13,NA,NA,NA
"1188","MGPI",2011,308753.7,13,NA,NA,NA
"1189","MGPI",2012,273862.4,13,NA,NA,NA
"1190","MGPI",2013,277263.5,13,NA,NA,NA
"1191","MGPI",2014,254023.3,13,NA,NA,NA
"1192","MGPI",2015,262513.4,13,NA,NA,NA
"1193","MGPI",2016,241102.8,13,NA,NA,NA
"1194","MGPI",2017,204868,13,NA,NA,NA
"1195","MGPI",2018,72969,13,NA,NA,NA
"1196","MGPI",2019,218317,13,NA,NA,NA
"1197","MGPI",2020,215161,13,NA,NA,NA
"1198","MGPI",2021,188078,13,NA,NA,NA
"1199","MGPI",2022,227379,13,NA,NA,NA
"1200","MHK",2010,48064,13,NA,NA,NA
"1201","MHK",2011,226775,13,NA,NA,NA
"1202","MHK",2012,214641,13,NA,NA,NA
"1203","MHK",2013,220251,13,NA,NA,NA
"1204","MHK",2014,221103,13,NA,NA,NA
"1205","MHK",2015,348078,13,NA,NA,NA
"1206","MHK",2016,352063,13,NA,NA,NA
"1207","MHK",2017,401538,13,NA,NA,NA
"1208","MHK",2018,344795,13,NA,NA,NA
"1209","MHK",2019,337740,13,NA,NA,NA
"1210","MHK",2020,330412,13,NA,NA,NA
"1211","MHK",2021,333019,13,NA,NA,NA
"1212","MHK",2022,297304,13,NA,NA,NA
"1213","MLM",2010,1203827,13,NA,NA,NA
"1214","MLM",2011,1176998,13,NA,NA,NA
"1215","MLM",2012,1178297,13,NA,NA,NA
"1216","MLM",2013,1537712,13,NA,NA,NA
"1217","MLM",2014,3984549,13,NA,NA,NA
"1218","MLM",2015,2694525,13,NA,NA,NA
"1219","MLM",2016,3858006,13,NA,NA,NA
"1220","MLM",2017,3729107,13,NA,NA,NA
"1221","MLM",2018,3763181,13,NA,NA,NA
"1222","MLM",2019,3939577,13,NA,NA,NA
"1223","MLM",2020,3928503,13,NA,NA,NA
"1224","MLM",2021,5198634,13,NA,NA,NA
"1225","MLM",2022,4635379,13,NA,NA,NA
"1226","MMLP",2010,29918.5,13,NA,NA,NA
"1227","MMLP",2011,71507,13,NA,NA,NA
"1228","MMLP",2012,60191,13,NA,NA,NA
"1229","MMLP",2013,76130,13,NA,NA,NA
"1230","MMLP",2014,71480,13,NA,NA,NA
"1231","MMLP",2015,62704,13,NA,NA,NA
"1232","MMLP",2016,35556,13,NA,NA,NA
"1233","MMLP",2017,37771,13,NA,NA,NA
"1234","MMLP",2018,323581,13,NA,NA,NA
"1235","MMLP",2019,42123,13,NA,NA,NA
"1236","MMLP",2020,51636,13,NA,NA,NA
"1237","MMLP",2021,54975,13,NA,NA,NA
"1238","MMLP",2022,54069,13,NA,NA,NA
"1239","MMM",2010,427278,13,NA,NA,NA
"1240","MMM",2011,1780005,13,NA,NA,NA
"1241","MMM",2012,1850376,13,NA,NA,NA
"1242","MMM",2013,2683000,13,NA,NA,NA
"1243","MMM",2014,1626223,13,NA,NA,NA
"1244","MMM",2015,1244912,13,NA,NA,NA
"1245","MMM",2016,1041918,13,NA,NA,NA
"1246","MMM",2017,1071429,13,NA,NA,NA
"1247","MMM",2018,1166836,13,NA,NA,NA
"1248","MMM",2019,1212019,13,NA,NA,NA
"1249","MMM",2020,1066631,13,NA,NA,NA
"1250","MMM",2021,1113368,13,NA,NA,NA
"1251","MMM",2022,1034538,13,NA,NA,NA
"1252","MO",2010,183880,13,NA,NA,NA
"1253","MO",2011,198995,13,NA,NA,NA
"1254","MO",2012,221465,13,NA,NA,NA
"1255","MO",2013,203190,13,NA,NA,NA
"1256","MO",2014,120871,13,NA,NA,NA
"1257","MO",2015,110806,13,NA,NA,NA
"1258","MO",2016,93324,13,NA,NA,NA
"1259","MO",2017,91423,13,NA,NA,NA
"1260","MO",2018,92514,13,NA,NA,NA
"1261","MO",2019,87832,13,NA,NA,NA
"1262","MO",2020,76442,13,NA,NA,NA
"1263","MO",2021,75329,13,NA,NA,NA
"1264","MO",2022,72568,13,NA,NA,NA
"1265","MPC",2010,9237981,13,NA,NA,NA
"1266","MPC",2011,9725254.48,13,NA,NA,NA
"1267","MPC",2012,9698586.31,13,NA,NA,NA
"1268","MPC",2013,17065110.05,13,NA,NA,NA
"1269","MPC",2014,17161219.71,13,NA,NA,NA
"1270","MPC",2015,20228334.8808,13,NA,NA,NA
"1271","MPC",2016,17345048.8641,13,NA,NA,NA
"1272","MPC",2017,17338077.329,13,NA,NA,NA
"1273","MPC",2018,28727525.718,13,NA,NA,NA
"1274","MPC",2019,32097929.68,13,NA,NA,NA
"1275","MPC",2020,27460729.38,13,NA,NA,NA
"1276","MPC",2021,28235100.04,13,NA,NA,NA
"1277","MPC",2022,29191284.02,13,NA,NA,NA
"1278","MPLX",2010,857676,13,NA,NA,NA
"1279","MPLX",2011,1408258.2,13,NA,NA,NA
"1280","MPLX",2012,1404222.8,13,NA,NA,NA
"1281","MPLX",2013,1704847.8,13,NA,NA,NA
"1282","MPLX",2014,2177887.2,13,NA,NA,NA
"1283","MPLX",2015,35164.8,13,NA,NA,NA
"1284","MPLX",2016,3882216.4,13,NA,NA,NA
"1285","MPLX",2017,4053446.8,13,NA,NA,NA
"1286","MPLX",2018,4217961.6,13,NA,NA,NA
"1287","MPLX",2019,4529180.4,13,NA,NA,NA
"1288","MPLX",2020,4396737,13,NA,NA,NA
"1289","MPLX",2021,4298718.2,13,NA,NA,NA
"1290","MPLX",2022,4335487.6,13,NA,NA,NA
"1291","MRK",2010,227261,13,NA,NA,NA
"1292","MRK",2011,496625,13,NA,NA,NA
"1293","MRK",2012,483371,13,NA,NA,NA
"1294","MRK",2013,480915,13,NA,NA,NA
"1295","MRK",2014,455216,13,NA,NA,NA
"1296","MRK",2015,429139,13,NA,NA,NA
"1297","MRK",2016,387102,13,NA,NA,NA
"1298","MRK",2017,379127,13,NA,NA,NA
"1299","MRK",2018,410727,13,NA,NA,NA
"1300","MRK",2019,368933,13,NA,NA,NA
"1301","MRK",2020,365666,13,NA,NA,NA
"1302","MRK",2021,373975,13,NA,NA,NA
"1303","MRK",2022,374799,13,NA,NA,NA
"1304","MRO",2010,152051.436,13,NA,NA,NA
"1305","MRO",2011,2244316.78,13,NA,NA,NA
"1306","MRO",2012,2275558.1,13,NA,NA,NA
"1307","MRO",2013,2199647.12,13,NA,NA,NA
"1308","MRO",2014,2320457.02,13,NA,NA,NA
"1309","MRO",2015,2321151.93,13,NA,NA,NA
"1310","MRO",2016,1807682.31,13,NA,NA,NA
"1311","MRO",2017,2667613.39,13,NA,NA,NA
"1312","MRO",2018,4138001.1,13,NA,NA,NA
"1313","MRO",2019,5811447.93,13,NA,NA,NA
"1314","MRO",2020,3751143.14,13,NA,NA,NA
"1315","MRO",2021,2933078.39,13,NA,NA,NA
"1316","MRO",2022,2873322.91,13,NA,NA,NA
"1317","MTX",2010,170290,13,NA,NA,NA
"1318","MTX",2011,150593,13,NA,NA,NA
"1319","MTX",2012,108858,13,NA,NA,NA
"1320","MTX",2013,126726,13,NA,NA,NA
"1321","MTX",2014,237686,13,NA,NA,NA
"1322","MTX",2015,233513,13,NA,NA,NA
"1323","MTX",2016,193730,13,NA,NA,NA
"1324","MTX",2017,213472,13,NA,NA,NA
"1325","MTX",2018,228823,13,NA,NA,NA
"1326","MTX",2019,206067,13,NA,NA,NA
"1327","MTX",2020,180299,13,NA,NA,NA
"1328","MTX",2021,190196,13,NA,NA,NA
"1329","MTX",2022,185807,13,NA,NA,NA
"1330","MU",2010,33715,13,NA,NA,NA
"1331","MU",2011,641022.56,13,NA,NA,NA
"1332","MU",2012,612018.61,13,NA,NA,NA
"1333","MU",2013,611990.79,13,NA,NA,NA
"1334","MU",2014,542526.21,13,NA,NA,NA
"1335","MU",2015,517691.16,13,NA,NA,NA
"1336","MU",2016,552045.37,13,NA,NA,NA
"1337","MU",2017,510000.65,13,NA,NA,NA
"1338","MU",2018,516854.15,13,NA,NA,NA
"1339","MU",2019,649697,13,NA,NA,NA
"1340","MU",2020,576747,13,NA,NA,NA
"1341","MU",2021,311443,13,NA,NA,NA
"1342","MU",2022,325148,13,NA,NA,NA
"1343","SJM",2010,31310,13,NA,NA,NA
"1344","SJM",2011,24803,13,NA,NA,NA
"1345","SJM",2012,23772,13,NA,NA,NA
"1346","SJM",2013,24957,13,NA,NA,NA
"1347","SJM",2014,25380,13,NA,NA,NA
"1348","SJM",2015,26479,13,NA,NA,NA
"1349","SJM",2016,24087,13,NA,NA,NA
"1350","SJM",2017,22487,13,NA,NA,NA
"1351","SJM",2018,23007,13,NA,NA,NA
"1352","SJM",2019,23912,13,NA,NA,NA
"1353","SJM",2020,23381,13,NA,NA,NA
"1354","SJM",2021,24395,13,NA,NA,NA
"1355","SJM",2022,22251,13,NA,NA,NA
"1356","UFS",2010,1383648,13,NA,NA,NA
"1357","UFS",2011,1316592,13,NA,NA,NA
"1358","UFS",2012,1314266,13,NA,NA,NA
"1359","UFS",2013,1158434,13,NA,NA,NA
"1360","UFS",2014,1005503,13,NA,NA,NA
"1361","UFS",2015,1676799,13,NA,NA,NA
"1362","UFS",2016,1606884,13,NA,NA,NA
"1363","UFS",2017,1375928,13,NA,NA,NA
"1364","UFS",2018,1465041,13,NA,NA,NA
"1365","UFS",2019,1511208,13,NA,NA,NA
"1366","UFS",2020,1329776,13,NA,NA,NA
"1367","UFS",2021,1371937,13,NA,NA,NA
"1368","UFS",2022,1359736,13,NA,NA,NA
"1369","XOM",2010,34506067.6976,13,NA,NA,NA
"1370","XOM",2011,39947518.4001,13,NA,NA,NA
"1371","XOM",2012,43209316.9726,13,NA,NA,NA
"1372","XOM",2013,52623056.7339,13,NA,NA,NA
"1373","XOM",2014,43037985.6953,13,NA,NA,NA
"1374","XOM",2015,42057771.8505,13,NA,NA,NA
"1375","XOM",2016,41260118.801,13,NA,NA,NA
"1376","XOM",2017,41148800.349099,13,NA,NA,NA
"1377","XOM",2018,41736586.846694,13,NA,NA,NA
"1378","XOM",2019,42668259.8744925,13,NA,NA,NA
"1379","XOM",2020,41402099.253845,13,NA,NA,NA
"1380","XOM",2021,42178050.0005,13,NA,NA,NA
"1381","XOM",2022,42310850.6406,13,NA,NA,NA
